URL,Page_Type,Target_Topic,Primary_Keyword,Secondary_Keywords,Search_Intent,H1_Heading,Meta_Title_Max_60_Chars,Meta_Description_Max_155_Chars,Parent_URL,Priority
/,Home,Brand Entity & Multi-Discipline Hub,art and music classes hyderabad,drawing classes hyderabad, music institute hyderabad, dance academy hyderabad, chitran institute,Commercial / Navigational,Chitran Institute – Art, Music, Dance & Skill Development in Hyderabad,Chitran Institute | Art, Music & Skill Classes Hyderabad,"Est. 2003. Learn drawing, painting, piano, guitar, dance, handwriting & abacus at Chitran Institute, Hyderabad. Offline & online batches.",,P1
/art-classes-hyderabad/,Category Hub,Drawing & Painting Hub,art classes in hyderabad,painting classes hyderabad, drawing academy hyderabad, best fine arts hyderabad,Commercial / Informational,Drawing & Painting Classes in Hyderabad – From Fundamentals to Mastery,Art & Painting Classes in Hyderabad | Chitran Institute,"Comprehensive art & painting classes in Hyderabad for kids and adults. Master sketching, watercolors, acrylics & oil painting. Enroll now!",/,P1
/drawing-classes-hyderabad/,Landing Page,Drawing & Sketching,drawing classes in hyderabad,pencil drawing classes hyderabad, sketching classes near me, drawing classes for kids hyderabad,Commercial / Local,Drawing & Pencil Sketching Classes in Hyderabad,Drawing Classes in Hyderabad | Pencil Sketching & Shading,"Join Hyderabad's premier drawing classes. Learn pencil shading, portrait sketching, still life & cartooning from certified artists. All ages.",/art-classes-hyderabad/,P1
/watercolor-painting-classes-hyderabad/,Landing Page,Watercolor Painting,watercolor painting classes hyderabad,watercolour classes near me, watercolor art institute hyderabad,Commercial / Local,Watercolor Painting Classes in Hyderabad – Wet-on-Wet & Layering,Watercolor Painting Classes in Hyderabad | Chitran Institute,"Master watercolor techniques, wash methods & landscape painting at Chitran Institute Hyderabad. Weekend & weekday batches available.",/art-classes-hyderabad/,P1
/acrylic-oil-painting-classes-hyderabad/,Landing Page,Acrylic & Oil Painting,acrylic painting classes hyderabad,oil painting classes hyderabad, canvas painting classes near me,Commercial / Local,Acrylic & Oil Painting Classes on Canvas in Hyderabad,Acrylic & Oil Painting Classes in Hyderabad | Canvas Art,"Learn canvas painting with acrylics & oils in Hyderabad. Color blending, knife painting & texture techniques for beginners to advanced.",/art-classes-hyderabad/,P1
/traditional-art-classes-hyderabad/,Landing Page,Traditional & Decorative Art,tanjore painting classes hyderabad,fabric painting classes hyderabad, glass painting classes near me,Commercial / Local,Traditional & Decorative Art Classes – Tanjore, Fabric & Glass Painting,Tanjore & Fabric Painting Classes in Hyderabad | Chitran,"Authentic Tanjore gold foil art, fabric design, and 3D glass painting classes in Hyderabad. Certified hands-on workshops & regular courses.",/art-classes-hyderabad/,P2
/fine-arts-diploma-hyderabad/,Landing Page,Fine Arts Exam & Diploma,fine arts diploma course hyderabad,art exam preparation hyderabad, bfa entrance coaching hyderabad,Commercial / Educational,Fine Arts Diploma Courses & Exam Preparation in Hyderabad,Fine Arts Diploma Courses & Exam Coaching | Chitran Hyderabad,"Structured Fine Arts diploma certification and entrance exam preparation. Recognized curriculum, portfolio building & theory/practical prep.",/art-classes-hyderabad/,P2
/music-classes-hyderabad/,Category Hub,Music Hub,music classes in hyderabad,music institute hyderabad, instrumental music classes near me,Commercial / Informational,Music Classes in Hyderabad – Instrumental & Vocal Training,Music Classes in Hyderabad | Keyboard, Guitar & Vocal Training,"Learn keyboard, acoustic guitar, tabla, drums & Carnatic vocals at Chitran Institute Hyderabad. Personalized mentoring for all age groups.",/,P1
/keyboard-classes-hyderabad/,Landing Page,Piano & Keyboard,keyboard classes in hyderabad,piano classes hyderabad, synthesizer classes near me, keyboard classes for kids,Commercial / Local,Piano & Keyboard Classes in Hyderabad – Trinity & Western Music,Keyboard & Piano Classes in Hyderabad | Chitran Institute,"Learn electronic keyboard and Western piano in Hyderabad. Staff notation, chord theory, classical & film songs. Book your free trial today!",/music-classes-hyderabad/,P1
/guitar-classes-hyderabad/,Landing Page,Acoustic & Electric Guitar,guitar classes in hyderabad,guitar lessons near me, acoustic guitar classes hyderabad, guitar teacher hyderabad,Commercial / Local,Acoustic & Electric Guitar Classes in Hyderabad,Guitar Classes in Hyderabad | Acoustic & Lead Guitar Lessons,"Master acoustic, classical & electric guitar with personalized 1-on-1 coaching at Chitran Institute Hyderabad. Tabs, chords & fingerstyle.",/music-classes-hyderabad/,P1
/drum-classes-hyderabad/,Landing Page,Drums & Octapad,drum classes in hyderabad,drum lessons near me, octapad training hyderabad, rhythm classes,Commercial / Local,Drum & Octapad Classes in Hyderabad – Master Beats & Rhythm,Drum & Octapad Classes in Hyderabad | Chitran Institute,"Comprehensive drum kit & Roland Octapad training in Hyderabad. Master rock, funk, jazz & classical beats with professional percussionists.",/music-classes-hyderabad/,P1
/tabla-classes-hyderabad/,Landing Page,Indian Classical Tabla,tabla classes in hyderabad,tabla teacher near me, indian classical percussion hyderabad,Commercial / Local,Authentic Tabla Classes in Hyderabad – Classical & Accompaniment,Tabla Classes in Hyderabad | Classical Indian Percussion,"Learn Indian classical tabla from foundational bols and teentaal to advanced accompaniment in Hyderabad. Offline & online sessions.",/music-classes-hyderabad/,P2
/carnatic-vocal-classes-hyderabad/,Landing Page,Carnatic Vocal & Slokas,carnatic vocal classes in hyderabad,carnatic music teacher hyderabad, sloka classes for kids hyderabad,Commercial / Local,Carnatic Vocal & Devotional Sloka Classes in Hyderabad,Carnatic Vocal & Sloka Classes in Hyderabad | Chitran,"Traditional Carnatic vocal singing and devotional sloka chanting classes in Ashok Nagar, Hyderabad. Sarali Varisai to Kritis & Bhajans.",/music-classes-hyderabad/,P1
/dance-classes-hyderabad/,Category Hub,Dance Academy Hub,dance classes in hyderabad,dance academy hyderabad, dance institute near me,Commercial / Informational,Dance Classes in Hyderabad – Western, Bollywood & Classical,Dance Classes in Hyderabad | Western, Bollywood & Kuchipudi,"Join top-rated dance classes in Hyderabad. High-energy Western, Bollywood, Hip-Hop, Zumba & traditional Kuchipudi for kids and adults.",/,P1
/western-dance-classes-hyderabad/,Landing Page,Western & Bollywood,western dance classes in hyderabad,bollywood dance classes hyderabad, hip hop classes near me,Commercial / Local,Western, Bollywood & Hip-Hop Dance Classes in Hyderabad,Western & Bollywood Dance Classes in Hyderabad | Chitran,"Energetic Western dance, Bollywood choreography, and Hip-Hop classes in Hyderabad. Fun fitness & stage performance training for all ages.",/dance-classes-hyderabad/,P1
/kuchipudi-dance-classes-hyderabad/,Landing Page,Kuchipudi Classical Dance,kuchipudi dance classes in hyderabad,classical dance classes hyderabad, kuchipudi teacher near me,Commercial / Local,Kuchipudi Classical Dance Classes in Hyderabad,Kuchipudi Classical Dance Classes in Hyderabad | Chitran,"Authentic Kuchipudi dance training with adugulu, mudras, jathis & bhavam. Prepare for stage arangetram and certified examinations.",/dance-classes-hyderabad/,P2
/handwriting-classes-hyderabad/,Category Hub,Skill Development Hub,handwriting classes in hyderabad,calligraphy classes hyderabad, skill development classes near me,Commercial / Informational,Handwriting Improvement & Skill Development Classes in Hyderabad,Handwriting & Skill Development Classes in Hyderabad | Chitran,"Transform handwriting speed and neatness with scientific handwriting improvement, calligraphy, abacus & speed maths programs in Hyderabad.",/,P1
/handwriting-improvement-classes-hyderabad/,Landing Page,Handwriting Improvement,handwriting improvement classes in hyderabad,english handwriting classes, hindi handwriting improvement hyderabad,Commercial / Local,Handwriting Improvement Classes in Hyderabad (English & Hindi),Handwriting Improvement Classes in Hyderabad | English & Hindi,"Guaranteed handwriting transformation for school students and adults in Hyderabad. Fix posture, pencil grip, speed, and letter formation.",/handwriting-classes-hyderabad/,P1
/calligraphy-classes-hyderabad/,Landing Page,Artistic Calligraphy,calligraphy classes in hyderabad,calligraphy workshops hyderabad, modern calligraphy near me,Commercial / Local,Artistic Calligraphy & Lettering Classes in Hyderabad,Calligraphy Classes in Hyderabad | Modern & Copperplate Script,"Learn Gothic, Copperplate, Brush Lettering & Modern Calligraphy in Hyderabad. Hands-on stroke mastery for certificates, design & hobby.",/handwriting-classes-hyderabad/,P2
/abacus-classes-hyderabad/,Landing Page,Abacus & Mental Math,abacus classes in hyderabad,abacus training near me, mental maths classes hyderabad,Commercial / Local,Abacus & Mental Arithmetic Classes in Hyderabad for Kids,Abacus Classes in Hyderabad | Mental Arithmetic for Kids,"Boost speed calculation, memory, and concentration with structured 8-level Abacus training in Hyderabad. Free assessment test available.",/handwriting-classes-hyderabad/,P1
/speed-maths-classes-hyderabad/,Landing Page,Speed & Vedic Maths,speed maths classes in hyderabad,vedic maths hyderabad, fast mental calculation classes,Commercial / Local,Speed Maths & Vedic Mathematics Classes in Hyderabad,Speed Maths & Vedic Mathematics Classes in Hyderabad | Chitran,"Master high-speed mental calculations, multiplication shortcuts & Vedic math sutras for academic excellence and competitive exam speed.",/handwriting-classes-hyderabad/,P2
/online-classes/,Category Hub,Global Online Hub,online art classes,online drawing classes, online music classes india, online carnatic vocal classes,Commercial / Global,Online Art, Music & Dance Classes – Learn Globally from Hyderabad,Online Art, Music & Dance Classes Globally | Chitran Institute,"Join live interactive online classes from USA, UK, Germany, Australia & UAE. Personalized drawing, keyboard, guitar & Carnatic vocal training.",/,P1
/online-drawing-classes/,Landing Page,Online Drawing & Art,online drawing classes for kids,online art classes for beginners, virtual painting classes,Commercial / Global,Live Online Drawing & Painting Classes for Global Students,Online Drawing & Painting Classes | Global Interactive Batches,"Interactive live online drawing & watercolor classes for kids and teens worldwide. Step-by-step guidance, small batch sizes & flexible timings.",/online-classes/,P1
/online-music-classes/,Landing Page,Online Instrumental & Vocal,online keyboard classes,online guitar lessons, online carnatic singing,Commercial / Global,Live Online Music Classes – Keyboard, Guitar & Carnatic Singing,Online Music Classes (Keyboard, Guitar & Vocal) | Chitran,"Learn keyboard, acoustic guitar, and Carnatic vocals via live 1-on-1 and small group online sessions. Accessible across all time zones.",/online-classes/,P1
/summer-camp-workshops/,Landing Page,Seasonal Summer Camps & Workshops,summer camp hyderabad,art workshops hyderabad, kids summer camp in ashok nagar hyderabad,Commercial / Seasonal,Summer Art, Music & Dance Camps & Workshops in Hyderabad,Summer Camp & Art Workshops in Hyderabad | Chitran Institute,"Exciting annual summer camps & specialized weekend workshops in pottery, knife painting, music & dance for kids in Ashok Nagar, Hyderabad.",/,P2
/about/,Brand Entity,About the Institute,about chitran institute,sujatha banerjee chitran institute, art school ashok nagar hyderabad,Informational,About Chitran Institute – 20+ Years of Nurturing Creative Excellence,About Chitran Institute | 20+ Years Legacy in Hyderabad,"Founded in 2003 by Mrs. Sujatha Banerjee, Chitran Institute is an MSME-certified academy dedicated to fine arts, music, dance and skill building.",/,P1
/student-achievements/,Social Proof,Awards & Recognitions,chitran institute achievements,art competition winners hyderabad, student art awards,Informational / Social Proof,Student Achievements & National Art Awards – Chitran Institute,Student Achievements & Awards | Chitran Institute Hyderabad,"Explore national & international competition awards, diploma distinctions, and exhibition honors achieved by talented Chitran students.",/,P2
/our-student-works/,Social Proof,Gallery & Portfolios,student artwork chitran institute,fine arts student paintings hyderabad,Informational / Social Proof,Student Art Gallery & Creative Portfolios – Chitran Institute,Student Artworks & Creative Portfolios | Chitran Institute,"Browse authentic sketches, watercolor paintings, acrylic canvases, and crafts created by Chitran Institute students across all levels.",/,P2
/gallery/,Media Hub,Photo & Video Gallery,chitran institute photos,art exhibitions hyderabad, annual function chitran,Informational,Gallery – Classroom Moments, Exhibitions & Annual Events,Photo & Video Gallery | Chitran Institute Hyderabad,"A visual tour of classroom sessions, art exhibitions, music recitals, dance stages, and festival workshops at Chitran Institute Hyderabad.",/,P2
/contact/,Transactional,Contact, Map & Inquiries,chitran institute contact number,art classes ashok nagar hyderabad, chitran institute address,Transactional / Local,Contact Chitran Institute – Ashok Nagar / Himayatnagar, Hyderabad,Contact Chitran Institute Hyderabad | Address, Phone & Map,"Visit us at Street No. 10, P&T Colony, Ashok Nagar, Himayatnagar, Hyderabad. Call +91 9866150378 / 9291565318 or message on WhatsApp.",/,P1
